<code_scheme name="Huygens" version="173">
  <option name="OTHER_INDENT_OPTIONS">
    <value>
      <option name="INDENT_SIZE" value="2" />
      <option name="CONTINUATION_INDENT_SIZE" value="2" />
      <option name="TAB_SIZE" value="2" />
    </value>
  </option>
  <option name="VISIBILITY" value="private" />
  <option name="CLASS_COUNT_TO_USE_IMPORT_ON_DEMAND" value="9999" />
  <option name="NAMES_COUNT_TO_USE_IMPORT_ON_DEMAND" value="9999" />
  <JavaCodeStyleSettings>
    <option name="VISIBILITY" value="private" />
    <option name="CLASS_COUNT_TO_USE_IMPORT_ON_DEMAND" value="9999" />
    <option name="NAMES_COUNT_TO_USE_IMPORT_ON_DEMAND" value="9999" />
  </JavaCodeStyleSettings>
  <XML>
    <option name="XML_LEGACY_SETTINGS_IMPORTED" value="true" />
  </XML>
  <codeStyleSettings language="HTML">
    <indentOptions>
      <option name="INDENT_SIZE" value="2" />
      <option name="CONTINUATION_INDENT_SIZE" value="4" />
      <option name="TAB_SIZE" value="2" />
    </indentOptions>
  </codeStyleSettings>
  <codeStyleSettings language="JAVA">
    <option name="LINE_COMMENT_AT_FIRST_COLUMN" value="false" />
    <option name="LINE_COMMENT_ADD_SPACE" value="true" />
    <option name="ALIGN_MULTILINE_CHAINED_METHODS" value="true" />
    <option name="CALL_PARAMETERS_WRAP" value="1" />
    <option name="METHOD_PARAMETERS_WRAP" value="1" />
    <option name="RESOURCE_LIST_WRAP" value="1" />
    <option name="EXTENDS_LIST_WRAP" value="1" />
    <option name="THROWS_LIST_WRAP" value="1" />
    <option name="EXTENDS_KEYWORD_WRAP" value="1" />
    <option name="THROWS_KEYWORD_WRAP" value="1" />
    <option name="METHOD_CALL_CHAIN_WRAP" value="1" />
    <option name="BINARY_OPERATION_WRAP" value="1" />
    <option name="TERNARY_OPERATION_WRAP" value="1" />
    <option name="FOR_STATEMENT_WRAP" value="1" />
    <option name="ARRAY_INITIALIZER_WRAP" value="1" />
    <option name="ASSIGNMENT_WRAP" value="1" />
    <option name="ASSERT_STATEMENT_WRAP" value="1" />
    <option name="IF_BRACE_FORCE" value="3" />
    <option name="WRAP_LONG_LINES" value="true" />
    <option name="ENUM_CONSTANTS_WRAP" value="1" />
    <indentOptions>
      <option name="INDENT_SIZE" value="2" />
      <option name="CONTINUATION_INDENT_SIZE" value="4" />
      <option name="TAB_SIZE" value="2" />
    </indentOptions>
  </codeStyleSettings>
  <codeStyleSettings language="XML">
    <indentOptions>
      <option name="INDENT_SIZE" value="2" />
      <option name="CONTINUATION_INDENT_SIZE" value="4" />
      <option name="TAB_SIZE" value="2" />
    </indentOptions>
  </codeStyleSettings>
</code_scheme>